9d190417bf74563abfa6f36996f1e673e9ee0a1b	Praeuner	2026-08-13T22:26:15-05:00	Update dampening factor to .25
a881646ea5edc21c0db4c4e74076e0dc14671a4e	alan-polk	2026-08-10T09:04:52-05:00	Merge pull request #176 from BluePilotDev/bp-no-stall
9012f76666a5c90764fcaec40832b9a607488c27	John Christman	2026-08-05T17:49:59-04:00	anti-stall
3610e3f18a0ad37d793d7ada61dbc739ab1077a3	Nathan Ingraham	2026-07-23T22:26:29-05:00	self.path_angle_gain_lowC_highV remains the platform-specific base gain. The toggle now controls separate self.user_dampening_factor. l ow_gain_calc uses: self.path_angle_gain_lowC_highV * self.user_dampening_factor UI placement, description, default, and 0.75–1.25 range remain unchanged.
1db52bc79e607ddb00214254dd4d732615e27fe4	Nathan Ingraham	2026-07-23T00:00:51-05:00	-Added “High Speed Dampening” directly below “High Speed Adjustment Factor”, range 0.75–1.25, step 0.01, and default 1.0.
5d994c24edf63f3b9004b2963f18ef4199e5d368	Jacob Neulight	2026-07-18T20:17:04-06:00	Ford safety: optional pinion-sourced angle_meas behind STEER_ANGLE_CURVATURE SP flag
699c17d9fde62c690eed9d68eed7d731744d5137	Jacob Neulight	2026-07-18T19:53:46-06:00	Ford: publish angle-mode shadow curvature from measured curvature during overrides
b7428fee4b116d4832f91c850d54cac2730de2ef	alan-polk	2026-07-18T08:52:24-05:00	restore curvature safety checks to bp-6.0 logic.
97867c1eb57b7472f6fc3de62f0fef576e5a5497	alan-polk	2026-07-16T19:18:05-05:00	Human Turn Reset for Angle (#118)
7efee67e3e643d52b973895d6c6765c5cc12e314	alan-polk	2026-07-16T08:19:43-05:00	angle mode: rescale exit-detection threshold for 20Hz cadence
1958a3501ead10ae1f496f0d11e1e8cda6e2dbcc	alan-polk	2026-07-14T15:22:38-05:00	Bp 7.0 variable cleanup (#111)
8f8d6d15f0a590f42b78de964ffb0d0af7f5d63d	alan-polk	2026-07-14T08:53:28-05:00	Bp 7.0 panda2 (#109)
11ac3b760671b489ca449d522f1edf240a232884	alan-polk	2026-07-09T07:53:21-05:00	angle mode: fix ROC values tuned for 100Hz cadence running at actual 20Hz
dbdcea747e65f574d326a55c9bf1a9d6c9485e22	alan-polk	2026-07-08T09:21:32-05:00	Revert "ford: add current-curvature deviation check to angle mode (panda-side)"
69a9714563622729ba304ac75354ba3fd37b0b39	alan-polk	2026-07-08T09:17:09-05:00	ford: add current-curvature deviation check to angle mode (panda-side)
be7f86a5d0dc1ea3b3f0052d4b54ff0b8a70f843	John Christman	2026-07-06T21:53:55-04:00	cast on debug
5c1fbb07dd4d7d950a01cb2cd1faddd90d41e632	alan-polk	2026-07-06T14:20:49-05:00	controllerStateBP: add angleRateLimited + curvatureRateLimited diagnostics
06d654e5f48ea8fcffce6e98e48e3a30450b5097	alan-polk	2026-06-25T23:28:51-05:00	Revert "temp blend ratio change" — restore predicted-curvature blend to 0.50
540e69fcf4861a2ce5d7ca41467effc231638e27	alan-polk	2026-06-22T08:35:44-05:00	temp blend ratio change
e3819c7e630d85cfb44858840124fe7f72f1762d	alan-polk	2026-06-13T20:47:09-05:00	ford.h: don't block angle mode on the inactive curvature signal
5d343738e30267688d0ffa6eebe2ec3ca57b10ee	alan-polk	2026-06-13T18:28:30-05:00	ford.h: widen path_angle ROC to 2% looser than lateral_angle_ext _soft_roc
d0aac605f99d37e9da205e419f7989c1e9eaa386	alan-polk	2026-06-13T11:15:50-05:00	BluePilot: add angle-primary lateral control mode
51d5de8991508c862e7c51333e5055425b2b8d23	alan-polk	2026-04-11T12:00:10-05:00	fixing missing punctation in ford.h
8194ceb7e0bbc112c73d393a8f0add3261f6592d	alan-polk	2026-04-11T11:51:49-05:00	make safety limits symetrical but control limits asymetrical.  Add 1.5s duration to detect human turn
db2bdff05df103d71df62f45c2a3cb5211aba6e6	alan-polk	2026-04-09T23:47:30-05:00	move all external logic to lateral_curv_ext.py. Apply some order of operations fixes to try and eleminate panda blocking messages.
1a8ac23b5bd5d7952c15eb913c2b1e39f14ad92e	Blue Genie	2026-04-08T15:10:24-05:00	Adjust panda limits
892be076daf898d806983f847c72357accff7312	Blue Genie	2026-04-08T11:45:28-05:00	Add logging functionality
ce7d27230657159332f64a253a0faea6cf8dcc95	alan-polk	2026-04-08T11:40:02-05:00	fix rate of change limits
021b5146e80ac58fe2e81dbd848bc7cd409ef08e	alan-polk	2026-04-07T16:24:38-05:00	align ford.h limits with dbc and carcontroller
7f9212f7f8dc22c4a0a22443158554f4d3652a3c	tonesto7	2026-04-05T21:28:37-04:00	Merge bp-6.1 upstream changes into bp-6.0-dev (#124)
dd1a9d3fd8f60462d3d8ac6de3e7860e70e1f667	alan-polk	2025-12-12T12:22:31-06:00	convert opendbc from a submodule to a subfolder
10101012d8a4cc37951a557023824cdd995443a6	alan-polk	2026-08-10T17:23:04Z	BluePilot: angle-mode lane centering trim (advanced lane positioning)
560e80e9d593badca08aa60e8ddb692e58033425	alan-polk	2026-08-11T12:50:00Z	BluePilot: angle-mode lane centering falls back to model position, not zero
94bf8144d4a683e9f3408f3babf892878f3b81f4	ghbarker	2026-08-12T01:31:33Z	ford ALP: restore StarPilot guards (narrow lane, laneline std, NaN params) and cap applied correction at 0.0015
80825b81568ad684fe4ec37a797d3cbaa004fdcf	ghbarker	2026-08-13T01:04:02Z	split applied-correction ceiling into its own PR per review
e5b92cc48b34ea43ac756a96a96687c9851a188d	ghbarker	2026-08-13T01:05:07Z	add tests for the restored guards
af4bc410c9ef417ba723212ceaa2a77758dd8ecb	alan-polk	2026-08-14T03:24:28Z	BluePilot: rate-limit the lane centering correction, not just filter it
8eea9eb68e0c4126ee1c52f251e274d5865b6743	alan-polk	2026-08-19T13:33:00Z	BluePilot: lower angle-mode lane centering default strength to 0.25
